[
  {
    "episode_id": 1,
    "title": "The Phantom Menace",
    "opening_crawl": "<p>Turmoil has engulfed the Galactic Republic. The taxation of trade routes to outlying star systems is in dispute.</p><p>Hoping to resolve the matter with a blockade of deadly battleships, the greedy Trade Federation has stopped all shipping to the small planet of Naboo.</p><p>While the Congress of the Republic endlessly debates this alarming chain of events, the Supreme Chancellor has secretly dispatched two Jedi Knights, the guardians of peace and justice in the galaxy, to settle the conflict....</p>"
  },
  {
    "episode_id": 2,
    "title": "Attack of the Clones",
    "opening_crawl": "<p>There is unrest in the Galactic Senate. Several thousand solar systems have declared their intentions to leave the Republic.</p><p>This separatist movement, under the leadership of the mysterious Count Dooku, has made it difficult for the limited number of Jedi Knights to maintain peace and order in the galaxy.</p><p>Senator Amidala, the former Queen of Naboo, is returning to the Galactic Senate to vote on the critical issue of creating an ARMY OF THE REPUBLIC to assist the overwhelmed Jedi....</p>"
  },
  {
    "episode_id": 3,
    "title": "Revenge of the Sith",
    "opening_crawl": "<p>War! The Republic is crumbling under attacks by the ruthless Sith Lord, Count Dooku.</p><p>There are heroes on both sides.</p><p>Evil is everywhere.</p><p>In a stunning move, the fiendish droid leader, General Grievous, has swept into the Republic capital and kidnapped Chancellor Palpatine, leader of the Galactic Senate.</p><p>As the Separatist Droid Army attempts to flee the besieged capital with their valuable hostage, two Jedi Knights lead a desperate mission to rescue the captive Chancellor....</p>"
  },
  {
    "episode_id": 4,
    "title": "A New Hope",
    "opening_crawl": "<p>It is a period of civil war.</p><p>Rebel spaceships, striking from a hidden base, have won their first victory against the evil Galactic Empire.</p><p>During the battle, Rebel spies managed to steal secret plans to the Empire's ultimate weapon, the DEATH STAR, an armored space station with enough power to destroy an entire planet.</p><p>Pursued by the Empire's sinister agents, Princess Leia races home aboard her starship, custodian of the stolen plans that can save her people and restore freedom to the galaxy....</p>"
  },
  {
    "episode_id": 5,
    "title": "The Empire Strikes Back",
    "opening_crawl": "<p>It is a dark time for the Rebellion.</p><p>Although the Death Star has been destroyed, Imperial troops have driven the Rebel forces from their hidden base and pursued them across the galaxy.</p><p>Evading the dreaded Imperial Starfleet, a group of freedom fighters led by Luke Skywalker has established a new secret base on the remote ice world of Hoth.</p><p>The evil lord Darth Vader, obsessed with finding young Skywalker, has dispatched thousands of remote probes into the far reaches of space....</p>"
  },
  {
    "episode_id": 6,
    "title": "Return of the Jedi",
    "opening_crawl": "Luke Skywalker has returned to his home planet of Tatooine in an attempt to rescue his friend Han Solo from the clutches of the vile gangster Jabba the Hutt.</p><p>Little does Luke know that the GALACTIC EMPIRE has secretly begun construction on a new armored space station even more powerful than the first dreaded Death Star.</p><p>When completed, this ultimate weapon will spell certain doom for the small band of rebels struggling to restore freedom to the galaxy...</p>"
  },
  {
    "episode_id": 7,
    "title": "The Force Awakens",
    "opening_crawl": "<p>Luke Skywalker has vanished.</p><p>In his absence, the sinister FIRST ORDER has risen from the ashes of the Empire and will not rest until Skywalker, the last Jedi, has been destroyed.</p><p>With the support of the REPUBLIC, General Leia Organa leads a brave RESISTANCE.</p><p>She is desperate to find her brother Luke and gain his help in restoring peace and justice to the galaxy.</p><p>Leia has sent her most daring pilot on a secret mission to Jakku, where an old ally has discovered a clue to Luke's whereabouts....</p>"
  },
  {
    "episode_id": 8,
    "title": "The Last Jedi",
    "opening_crawl": "The FIRST ORDER reigns.</p><p>Having decimated the peaceful Republic, Supreme Leader Snoke now deploys his merciless legions to seize military control of the galaxy.</p><p>Only General Leia Organa's band of RESISTANCE fighters stand against the rising tyranny, certain that Jedi Master Luke Skywalker will return and restore a spark of hope to the fight.</p><p>But the Resistance has been exposed. As the First Order speeds toward the rebel base, the brave heroes mount a desperate escape....</p>"
  }
]